{
  "id": "",
  "name": "",
  "font_family": "iconfont",
  "css_prefix_text": "icon-",
  "description": "",
  "glyphs": [
    {
      "icon_id": "65494624",
      "name": "language",
      "font_class": "language",
      "unicode": "e61a",
      "unicode_decimal": 58906
    },
    {
      "icon_id": "65494625",
      "name": "account",
      "font_class": "account",
      "unicode": "e626",
      "unicode_decimal": 58918
    },
    {
      "icon_id": "65494626",
      "name": "contact",
      "font_class": "contact",
      "unicode": "e627",
      "unicode_decimal": 58919
    },
    {
      "icon_id": "65494627",
      "name": "home",
      "font_class": "home",
      "unicode": "e628",
      "unicode_decimal": 58920
    },
    {
      "icon_id": "65494628",
      "name": "project",
      "font_class": "project",
      "unicode": "e629",
      "unicode_decimal": 58921
    },
    {
      "icon_id": "65494629",
      "name": "message",
      "font_class": "message",
      "unicode": "e62a",
      "unicode_decimal": 58922
    },
    {
      "icon_id": "65494630",
      "name": "home_list_3",
      "font_class": "3",
      "unicode": "e62b",
      "unicode_decimal": 58923
    },
    {
      "icon_id": "65494631",
      "name": "home_list_2",
      "font_class": "2_1",
      "unicode": "e62c",
      "unicode_decimal": 58924
    },
    {
      "icon_id": "65494632",
      "name": "home_list_1",
      "font_class": "1",
      "unicode": "e62d",
      "unicode_decimal": 58925
    },
    {
      "icon_id": "65494633",
      "name": "password",
      "font_class": "password",
      "unicode": "e62e",
      "unicode_decimal": 58926
    },
    {
      "icon_id": "65494634",
      "name": "quit",
      "font_class": "quit",
      "unicode": "e62f",
      "unicode_decimal": 58927
    },
    {
      "icon_id": "65494635",
      "name": "arrow_on",
      "font_class": "arrow_on",
      "unicode": "e630",
      "unicode_decimal": 58928
    },
    {
      "icon_id": "65494636",
      "name": "arrow_under",
      "font_class": "arrow_under",
      "unicode": "e631",
      "unicode_decimal": 58929
    },
    {
      "icon_id": "65494637",
      "name": "star",
      "font_class": "xing",
      "unicode": "e632",
      "unicode_decimal": 58930
    },
    {
      "icon_id": "65494638",
      "name": "email",
      "font_class": "youjian",
      "unicode": "e633",
      "unicode_decimal": 58931
    },
    {
      "icon_id": "65494639",
      "name": "day",
      "font_class": "5day",
      "unicode": "e634",
      "unicode_decimal": 58932
    }
  ]
}
